{
    "AvgPE": 15.428309851634584,
    "Earnings": [
        1.0208,
        2.06,
        2.64,
        3.33,
        4.01,
        4.79,
        5.57,
        4.76,
        6.06,
        6.69,
        6.94,
        7.5,
        8.51,
        8.83,
        10.11,
        11.0,
        11.99,
        15.91,
        19.42,
        22.42,
        7.01
    ],
    "Obs": "Price and EPS (and only these) were fetched with AlphaVantage\u00ae API",
    "P/E": [
        41.30260579937305,
        12.029563106796116,
        19.261325757575754,
        22.017747747747748,
        25.96571072319202,
        13.675407098121086,
        12.158563734290844,
        12.559096638655463,
        4.774801980198021,
        7.889058295964125,
        8.17028818443804,
        7.573653333333334,
        6.443090481786134,
        9.223318233295583,
        13.232373887240357,
        11.040172727272727,
        13.023219349457882,
        14.215059710873664,
        15.056410916580845,
        11.277903657448705,
        43.10513552068473
    ],
    "Prices": [
        42.1617,
        24.7809,
        50.8499,
        73.3191,
        104.1225,
        65.5052,
        67.7232,
        59.7813,
        28.9353,
        52.7778,
        56.7018,
        56.8024,
        54.8307,
        81.4419,
        133.7793,
        121.4419,
        156.1484,
        226.1616,
        292.3955,
        252.8506,
        302.167
    ],
    "Scenarios": {
        "AverageGains": {
            "eps": [
                7.01,
                8.055251155990952,
                9.256358229114632,
                10.636560674085878,
                12.222563147745817,
                14.045052200435364,
                16.139290010486484,
                18.54579664962118,
                21.31113407997634,
                24.488807051812785,
                28.140298332803756,
                32.336258298894116,
                37.157871903365034,
                42.698429472716825,
                49.065131721697625,
                56.3811639115625,
                64.78807928312828,
                74.44853788015016,
                85.54945375476687,
                98.30561144828536,
                112.96382172028504
            ],
            "gain": 2.1758161198774784,
            "targetPrice": 657.459829495018
        },
        "CycleRepeat": {
            "eps": [
                7.01,
                14.146355799373042,
                18.12931034482759,
                22.86765282131662,
                27.537323667711604,
                32.89371081504703,
                38.250097962382455,
                32.687695924764895,
                41.6150078369906,
                45.94132053291538,
                47.65811128526647,
                51.50372257053292,
                58.43955721003135,
                60.63704937304076,
                69.42701802507837,
                75.53879310344828,
                82.33728448275863,
                109.25656347962384,
                133.36030564263328,
                153.96179467084644,
                48.13881269592477
            ],
            "gain": 1.622746632081923,
            "targetPrice": 490.3404815762984
        },
        "Stabilized": {
            "eps": [
                7.01,
                7.23432,
                7.465818240000001,
                7.704724423680001,
                7.951275605237761,
                8.20571642460537,
                8.468299350192742,
                8.739284929398911,
                9.018942047139676,
                9.307548192648147,
                9.605389734812888,
                9.912762206326901,
                10.229970596929363,
                10.557329656031103,
                10.895164205024098,
                11.24380945958487,
                11.603611362291586,
                11.974926925884917,
                12.358124587513235,
                12.753584574313658,
                13.161699280691696,
                13.582873657673831
            ],
            "gain": 0.3405125665027293,
            "targetPrice": 102.8916606824302
        }
    },
    "Symbol": "antm"
}