{
    "AvgPE": 19.81332006837784,
    "Earnings": [
        1.3,
        1.96,
        2.24,
        2.11,
        2.46,
        2.36,
        2.36,
        2.22,
        2.64,
        3.08,
        3.55,
        4.38,
        4.97,
        4.06,
        5.02,
        5.73,
        5.5,
        5.5,
        5.78,
        6.57,
        7.53,
        6.31,
        7.39,
        8.22,
        8.38,
        4.2
    ],
    "Obs": "Price and EPS (and only these) were fetched with AlphaVantage\u00ae API",
    "P/E": [
        15.761615384615386,
        13.055102040816328,
        13.32035714285714,
        13.120142180094787,
        14.187926829268292,
        16.562415254237287,
        17.28012711864407,
        22.25869369369369,
        26.731628787878787,
        11.971363636363636,
        17.191408450704227,
        16.034474885844748,
        13.593460764587526,
        16.92046798029557,
        18.736494023904385,
        21.684275741710294,
        20.867454545454546,
        23.632636363636365,
        26.321228373702418,
        23.213698630136985,
        30.378180610889775,
        43.06988906497623
    ],
    "Prices": [
        20.4901,
        25.588,
        29.8376,
        27.6835,
        34.9023,
        39.0873,
        40.7811,
        49.4143,
        70.5715,
        36.8718,
        61.0295,
        70.231,
        67.5595,
        68.6971,
        94.0572,
        124.2509,
        114.771,
        129.9795,
        152.1367,
        152.514,
        228.7477,
        271.771
    ],
    "Scenarios": {
        "AverageGains": {
            "eps": [
                4.2,
                4.4798616058699,
                4.7783714304160085,
                5.096772073739597,
                5.436388935003793,
                5.798635729642725,
                6.185020374202818,
                6.597151263312925,
                7.036743964912303,
                7.505628361606513,
                8.005756267878386,
                8.539209554862067,
                9.108208816500946,
                9.715122613163883,
                10.362477331197935,
                11.052967699459717,
                11.78946800660232,
                12.575044065811731,
                13.412965976798118,
                14.306721738165987,
                15.260031766827161,
                16.276864384896193,
                17.361452338535152,
                18.51831041751043,
                19.75225424880609,
                21.068420342525474
            ],
            "gain": 0.4714239387058303,
            "targetPrice": 128.11935524602222
        },
        "CycleRepeat": {
            "eps": [
                4.2,
                6.332307692307691,
                7.236923076923077,
                6.816923076923076,
                7.947692307692306,
                7.6246153846153835,
                7.624615384615384,
                7.172307692307693,
                8.529230769230768,
                9.950769230769229,
                11.469230769230768,
                14.15076923076923,
                16.056923076923077,
                13.116923076923076,
                16.218461538461536,
                18.512307692307694,
                17.76923076923077,
                17.76923076923077,
                18.673846153846156,
                21.22615384615385,
                24.327692307692313,
                20.38615384615385,
                23.875384615384622,
                26.556923076923084,
                27.073846153846162,
                13.569230769230773
            ],
            "gain": 0.4382878527352064,
            "targetPrice": 119.11392802569978
        },
        "Stabilized": {
            "eps": [
                4.2,
                4.3344000000000005,
                4.473100800000001,
                4.616240025600002,
                4.763959706419202,
                4.916406417024617,
                5.073731422369405,
                5.236090827885226,
                5.4036457343775535,
                5.576562397877636,
                5.75501239460972,
                5.939172791237231,
                6.129226320556823,
                6.325361562814641,
                6.52777313282471,
                6.736661873075101,
                6.952235053013505,
                7.174706574709937,
                7.404297185100655,
                7.6412346950238765,
                7.885754205264641,
                8.13809833983311,
                8.398517486707771,
                8.66727004628242,
                8.944622687763458,
                9.230850613771889,
                9.526237833412589
            ],
            "gain": 0.23297764341045604,
            "targetPrice": 63.31656712730305
        }
    },
    "Symbol": "apd"
}