{
    "AvgPE": 18.60396961683117,
    "Earnings": [
        0.08,
        0.0829,
        0.13,
        0.16,
        0.33,
        0.25,
        0.24,
        0.32,
        0.46,
        0.56,
        0.73,
        0.98,
        1.18,
        0.93,
        1.36,
        1.54,
        1.74,
        1.94,
        2.26,
        2.43,
        1.655,
        1.63,
        1.885,
        1.87,
        1.87,
        0.52
    ],
    "Obs": "Price and EPS (and only these) were fetched with AlphaVantage\u00ae API",
    "P/E": [
        23.53875,
        26.74909529553679,
        20.914615384615384,
        13.438749999999999,
        10.961818181818181,
        16.6312,
        20.929583333333337,
        22.065,
        22.967391304347824,
        9.77375,
        14.465479452054794,
        12.331428571428571,
        8.818389830508474,
        16.064193548387095,
        15.25860294117647,
        16.407857142857143,
        14.233908045977012,
        16.581649484536083,
        18.760884955752214,
        16.25814814814815,
        32.20229607250755,
        39.934539877300615
    ],
    "Prices": [
        1.8831,
        2.2175,
        2.7189,
        2.1502,
        3.6174,
        4.1578,
        5.0231,
        7.0608,
        10.565,
        5.4733,
        10.5598,
        12.0848,
        10.4057,
        14.9397,
        20.7517,
        25.2681,
        24.767,
        32.1684,
        42.3996,
        39.5073,
        53.2948,
        65.0933
    ],
    "Scenarios": {
        "AverageGains": {
            "eps": [
                0.52,
                0.591010213322951,
                0.6717174466385385,
                0.7634459065972895,
                0.8677006309973034,
                0.9861921827426451,
                1.120864715961841,
                1.2739278747822624,
                1.4478930481406125,
                1.6456145754815406,
                1.8703365794282745,
                2.12574619383389,
                2.4160340605542663,
                2.745963087545562,
                3.1209465964370224,
                3.547137141788043,
                4.031527459334449,
                4.582065199535745,
                5.207783328917866,
                5.918948338775877,
                6.7272286929758796,
                7.645886278669137,
                8.689994001152442,
                9.876683093069747,
                11.225424195689104,
                12.758346824105448
            ],
            "gain": 0.9667812522329065,
            "targetPrice": 62.930982085972246
        },
        "CycleRepeat": {
            "eps": [
                0.52,
                0.5388499999999999,
                0.8449999999999999,
                1.0399999999999998,
                2.1449999999999996,
                1.6249999999999996,
                1.5599999999999996,
                2.0799999999999996,
                2.9899999999999993,
                3.6399999999999997,
                4.744999999999998,
                6.369999999999998,
                7.669999999999998,
                6.044999999999999,
                8.84,
                10.01,
                11.31,
                12.610000000000001,
                14.69,
                15.795000000000002,
                10.7575,
                10.594999999999999,
                12.2525,
                12.155000000000001,
                12.155000000000001,
                3.3800000000000003
            ],
            "gain": 0.6808197740137835,
            "targetPrice": 44.31680579581141
        },
        "Stabilized": {
            "eps": [
                0.52,
                0.53664,
                0.55381248,
                0.57153447936,
                0.5898235826995201,
                0.6086979373459047,
                0.6281762713409736,
                0.6482779120238849,
                0.6690228052086492,
                0.6904315349753261,
                0.7125253440945365,
                0.7353261551055617,
                0.7588565920689396,
                0.7831400030151457,
                0.8082004831116304,
                0.8340628985712026,
                0.8607529113254812,
                0.8882970044878966,
                0.9167225086315093,
                0.9460576289077176,
                0.9763314730327646,
                1.007574080169813,
                1.039816450735247,
                1.0730905771587749,
                1.1074294756278558,
                1.1428672188479472,
                1.1794389698510814
            ],
            "gain": 0.1166260205353889,
            "targetPrice": 7.59157254251623
        }
    },
    "Symbol": "aph"
}