{
    "AvgPE": 18.941451143176,
    "Earnings": [
        1.2,
        1.39,
        1.6,
        1.81,
        2.06,
        1.1004,
        2.01,
        2.31,
        2.74,
        2.85,
        3.02,
        3.37,
        2.35,
        1.54,
        3.41,
        4.08,
        4.4,
        4.92,
        5.33,
        5.37,
        5.9147,
        6.0234,
        7.32,
        8.19,
        3.76,
        2.74
    ],
    "Obs": "Price and EPS (and only these) were fetched with AlphaVantage\u00ae API",
    "P/E": [
        30.2015,
        25.96812949640288,
        14.777499999999998,
        13.084806629834253,
        15.82635922330097,
        34.840694292984374,
        20.05213930348259,
        20.77896103896104,
        15.172335766423357,
        5.291719298245614,
        11.289635761589405,
        10.909643916913947,
        17.463319148936172,
        32.930454545454545,
        23.77152492668622,
        20.596495098039213,
        14.473249999999998,
        14.052947154471546,
        17.668424015009382,
        17.075214152700187,
        20.544812078380986,
        19.94205930205532
    ],
    "Prices": [
        36.2418,
        36.0957,
        23.644,
        23.6835,
        32.6023,
        38.3387,
        40.3048,
        47.9994,
        41.5722,
        15.0814,
        34.0947,
        36.7655,
        41.0388,
        50.7129,
        81.0609,
        84.0337,
        63.6823,
        69.1405,
        94.1727,
        91.6939,
        121.5164,
        120.119
    ],
    "Scenarios": {
        "AverageGains": {
            "eps": [
                2.74,
                2.979286214104902,
                3.2394694691808463,
                3.5223747191767223,
                3.829986292611253,
                4.164461810871331,
                4.528147322005581,
                4.923593756163232,
                5.353574818098572,
                5.821106442240961,
                6.329467946790411,
                6.882225035215886,
                7.483254806491354,
                8.136772949494137,
                8.847363312310058,
                9.62001005384775,
                10.460132603277064,
                11.373623672500939,
                12.366890588284383,
                13.446900233948657,
                14.621227915856647,
                15.898110497444325,
                17.28650417348624,
                18.796147289830074,
                20.4376286492248,
                22.222461782347015
            ],
            "gain": 1.027405157362108,
            "targetPrice": 123.41088009717905
        },
        "CycleRepeat": {
            "eps": [
                2.74,
                3.1738333333333335,
                3.6533333333333338,
                4.132833333333334,
                4.703666666666668,
                2.5125800000000003,
                4.5895,
                5.2745000000000015,
                6.256333333333336,
                6.507500000000002,
                6.895666666666668,
                7.694833333333334,
                5.365833333333335,
                3.516333333333334,
                7.786166666666669,
                9.316000000000003,
                10.04666666666667,
                11.234000000000002,
                12.170166666666669,
                12.261500000000002,
                13.505231666666669,
                13.75343,
                16.714000000000002,
                18.7005,
                8.585333333333333,
                6.256333333333334
            ],
            "gain": 0.5024944335041266,
            "targetPrice": 60.35912885808218
        },
        "Stabilized": {
            "eps": [
                2.74,
                2.8276800000000004,
                2.9181657600000004,
                3.0115470643200006,
                3.1079165703782405,
                3.2073699006303444,
                3.3100057374505156,
                3.4159259210489323,
                3.525235550522498,
                3.6380430881392183,
                3.7544604669596735,
                3.8746032019023833,
                3.9985905043632597,
                4.126545400502884,
                4.258594853318977,
                4.394869888625184,
                4.53550572506119,
                4.680641908263149,
                4.830422449327569,
                4.984995967706052,
                5.144515838672645,
                5.30914034551017,
                5.479032836566495,
                5.6543618873366235,
                5.835301467731395,
                6.0220311146988,
                6.214736110369162
            ],
            "gain": 0.3360489037538929,
            "targetPrice": 40.36585827001386
        }
    },
    "Symbol": "axp"
}