{
    "AvgPE": 40.13507527494253,
    "Earnings": [
        0.37,
        0.64,
        0.86,
        1.24,
        1.88,
        1.08,
        0.71,
        1.04,
        1.21,
        1.91,
        3.03,
        4.06,
        2.1,
        0.96,
        0.7,
        0.3358,
        0.61,
        1.65,
        2.55,
        3.48,
        3.58,
        4.1585,
        4.8162,
        5.1784,
        5.64,
        5.53
    ],
    "Obs": "Price and EPS (and only these) were fetched with AlphaVantage\u00ae API",
    "P/E": [
        25.681621621621623,
        10.49421875,
        9.227790697674418,
        7.057661290322581,
        8.017340425531915,
        22.495555555555555,
        49.06760563380282,
        36.10240384615385,
        25.952396694214876,
        8.772827225130891,
        7.9523432343234335,
        6.535911330049261,
        11.677666666666665,
        58.81135416666667,
        107.3637142857143,
        220.75223347230497,
        97.12786885245902,
        58.84018181818182,
        43.9523137254902,
        17.431235632183906,
        25.285642458100558,
        24.371768666586508
    ],
    "Prices": [
        9.5022,
        6.7163,
        7.9359,
        8.7515,
        15.0726,
        24.2952,
        34.838,
        37.5465,
        31.4024,
        16.7561,
        24.0956,
        26.5358,
        24.5231,
        56.4589,
        75.1546,
        74.1286,
        59.248,
        97.0863,
        112.0784,
        60.6607,
        90.5226,
        101.35
    ],
    "Scenarios": {
        "AverageGains": {
            "eps": [
                5.53,
                6.747629954622468,
                8.233365281106403,
                10.04623909550492,
                12.258282794236587,
                14.957388096677034,
                18.250799270172063,
                22.269374294975567,
                27.172784279109717,
                33.155857712877975,
                40.456321640979354,
                49.36424733427007,
                60.2335757685557,
                73.49618085532161,
                89.67902920248073,
                109.42511821846692,
                133.51902449892083,
                162.91807761679735,
                198.7903979523707,
                242.5613099303323,
                295.9699748134493,
                361.1384932586054,
                440.65622330542317,
                537.6826640264884,
                656.0729927425573,
                800.5312438062366
            ],
            "gain": 66.78451981888261,
            "targetPrice": 6768.611083643753
        },
        "CycleRepeat": {
            "eps": [
                5.53,
                9.565405405405405,
                12.853513513513512,
                18.53297297297297,
                28.098378378378374,
                16.14162162162162,
                10.61162162162162,
                15.54378378378378,
                18.084594594594588,
                28.546756756756743,
                45.2862162162162,
                60.68054054054051,
                31.386486486486476,
                14.348108108108102,
                10.462162162162157,
                5.018848648648646,
                9.117027027027023,
                24.660810810810798,
                38.11216216216214,
                52.011891891891864,
                53.50648648648646,
                62.152716216216184,
                71.98266486486483,
                77.39608648648644,
                84.29513513513508,
                82.65108108108103
            ],
            "gain": 7.683193653362223,
            "targetPrice": 778.6916767682612
        },
        "Stabilized": {
            "eps": [
                5.53,
                5.7069600000000005,
                5.889582720000001,
                6.078049367040001,
                6.2725469467852815,
                6.47326844908241,
                6.680413039453048,
                6.894186256715545,
                7.114800216930443,
                7.342473823872218,
                7.577432986236129,
                7.819910841795686,
                8.070147988733147,
                8.328392724372609,
                8.594901291552533,
                8.869938132882215,
                9.153776153134446,
                9.446696990034749,
                9.74899129371586,
                10.060959015114769,
                10.382909703598441,
                10.715162814113592,
                11.058048024165227,
                11.411905560938514,
                11.777086538888547,
                12.15395330813298,
                12.542879813993236
            ],
            "gain": 1.2591752559486689,
            "targetPrice": 127.61741219039759
        }
    },
    "Symbol": "exp"
}