{
    "AvgPE": 13.380599330494757,
    "Earnings": [
        0.23,
        1.54,
        1.1854,
        1.4654,
        2.003,
        2.1343,
        1.568,
        0.0
    ],
    "Obs": "Price and EPS (and only these) were fetched with AlphaVantage\u00ae API",
    "P/E": [
        51.468695652173906,
        5.773766233766234,
        9.546566559811033,
        8.312269687457349,
        6.621118322516225,
        5.766715082228365,
        6.175063775510203
    ],
    "Prices": [
        11.8378,
        8.8916,
        11.3165,
        12.1808,
        13.2621,
        12.3079,
        9.6825
    ],
    "Scenarios": {
        "AverageGains": {
            "eps": [
                0.0,
                0.0,
                0.0,
                0.0,
                0.0,
                0.0,
                0.0,
                0.0
            ],
            "gain": 0.0,
            "targetPrice": 0.0
        },
        "CycleRepeat": {
            "eps": [
                0.0,
                0.0,
                0.0,
                0.0,
                0.0,
                0.0,
                0.0,
                0.0
            ],
            "gain": 0.0,
            "targetPrice": 0.0
        },
        "Stabilized": {
            "eps": [
                0.0,
                0.0,
                0.0,
                0.0,
                0.0,
                0.0,
                0.0,
                0.0,
                0.0
            ],
            "gain": 0.0,
            "targetPrice": 0.0
        }
    },
    "Symbol": "hmlp"
}