{
    "AvgPE": 18.512268787122938,
    "Earnings": [
        0.74,
        0.98,
        0.89,
        1.19,
        1.65,
        0.53,
        0.51,
        0.86,
        1.16,
        1.4,
        0.86,
        1.18,
        0.92,
        0.77,
        2.05,
        2.39,
        2.13,
        1.88,
        2.33,
        2.34,
        2.11,
        1.98,
        4.48,
        4.72,
        4.94,
        0.82
    ],
    "Obs": "Price and EPS (and only these) were fetched with AlphaVantage\u00ae API",
    "P/E": [
        34.52959459459459,
        19.068673469387758,
        22.025168539325843,
        8.185294117647059,
        12.197333333333333,
        27.887358490566037,
        31.33450980392157,
        15.389883720930234,
        15.314310344827588,
        7.173071428571428,
        16.803720930232558,
        13.013050847457627,
        19.91728260869565,
        20.933636363636364,
        10.290829268292685,
        12.737322175732217,
        13.975821596244131,
        17.224840425531916,
        18.184549356223176,
        18.869658119658123,
        27.35132701421801,
        24.862676767676767
    ],
    "Prices": [
        25.5519,
        18.6873,
        19.6024,
        9.7405,
        20.1256,
        14.7803,
        15.9806,
        13.2353,
        17.7646,
        10.0423,
        14.4512,
        15.3554,
        18.3239,
        16.1189,
        21.0962,
        30.4422,
        29.7685,
        32.3827,
        42.37,
        44.155,
        57.7113,
        49.2281
    ],
    "Scenarios": {
        "AverageGains": {
            "eps": [
                0.82,
                0.9282133283127503,
                1.0507072961676018,
                1.1893664834856346,
                1.3463241734388203,
                1.5239951731897072,
                1.7251129659012006,
                1.9527717656032118,
                2.210474121933809,
                2.5021848071577866,
                2.832391814518935,
                3.2061754063907446,
                3.6292862745371193,
                4.1082340149852214,
                4.6503872787037634,
                5.264087138913285,
                5.958775419193956,
                6.7451399567295445,
                7.635279035574697,
                8.642887519765068,
                9.783467549943738,
                11.074567045089106,
                12.536049678713244,
                14.19040048313708,
                16.06307178358967,
                18.182874784356578
            ],
            "gain": 1.8300734598463346,
            "targetPrice": 90.09103928866134
        },
        "CycleRepeat": {
            "eps": [
                0.82,
                1.085945945945946,
                0.9862162162162162,
                1.3186486486486486,
                1.8283783783783785,
                0.5872972972972974,
                0.5651351351351351,
                0.9529729729729729,
                1.2854054054054054,
                1.5513513513513513,
                0.9529729729729729,
                1.3075675675675673,
                1.0194594594594595,
                0.8532432432432433,
                2.271621621621622,
                2.648378378378379,
                2.3602702702702705,
                2.0832432432432433,
                2.581891891891892,
                2.592972972972973,
                2.338108108108108,
                2.194054054054054,
                4.964324324324324,
                5.230270270270269,
                5.474054054054053,
                0.9086486486486484
            ],
            "gain": 0.25430401501042194,
            "targetPrice": 12.51890348133455
        },
        "Stabilized": {
            "eps": [
                0.82,
                0.84624,
                0.87331968,
                0.9012659097600001,
                0.9301064188723202,
                0.9598698242762345,
                0.990585658653074,
                1.0222843997299724,
                1.0549975005213317,
                1.0887574205380144,
                1.123597657995231,
                1.1595527830510783,
                1.1966584721087128,
                1.2349515432161917,
                1.2744699925991099,
                1.3152530323622815,
                1.3573411293978745,
                1.4007760455386065,
                1.4456008789958419,
                1.491860107123709,
                1.5395996305516677,
                1.5888668187293211,
                1.6397105569286594,
                1.6921812947503765,
                1.7463310961823886,
                1.8022136912602251,
                1.8598845293805524
            ],
            "gain": 0.2425792828218453,
            "targetPrice": 11.941717192682082
        }
    },
    "Symbol": "intc"
}