{
    "AvgPE": 40.46134625691784,
    "Earnings": [
        0.06,
        0.21,
        0.25,
        0.35,
        0.45,
        0.48,
        0.65,
        0.94,
        1.18,
        1.38,
        1.75,
        1.99,
        1.86,
        1.49,
        1.23,
        1.44,
        1.66,
        1.75,
        2.15,
        2.67,
        3.29,
        3.98,
        4.39,
        5.1,
        5.72,
        8.83,
        0.0
    ],
    "Obs": "Price and EPS (and only these) were fetched with AlphaVantage\u00ae API",
    "P/E": [
        190.21166666666667,
        40.58857142857143,
        71.2892,
        41.22485714285715,
        47.46733333333333,
        46.39041666666667,
        39.78723076923077,
        25.846914893617022,
        15.082288135593222,
        12.467391304347826,
        10.872457142857144,
        10.43819095477387,
        11.546021505376343,
        20.59677852348993,
        35.37829268292683,
        42.66701388888889,
        41.506144578313254,
        37.452285714285715,
        40.621720930232556,
        33.11063670411985,
        35.53483282674772,
        40.06937185929648
    ],
    "Prices": [
        11.4127,
        8.5236,
        17.8223,
        14.4287,
        21.3603,
        22.2674,
        25.8617,
        24.2961,
        17.7971,
        17.205,
        19.0268,
        20.772,
        21.4756,
        30.6892,
        43.5153,
        61.4405,
        68.9002,
        65.5415,
        87.3367,
        88.4054,
        116.9096,
        159.4761
    ],
    "Scenarios": {
        "AverageGains": {
            "eps": [
                0.0,
                0.0,
                0.0,
                0.0,
                0.0,
                0.0,
                0.0,
                0.0,
                0.0,
                0.0,
                0.0,
                0.0,
                0.0,
                0.0,
                0.0,
                0.0,
                0.0,
                0.0,
                0.0,
                0.0,
                0.0,
                0.0,
                0.0,
                0.0,
                0.0,
                0.0,
                0.0
            ],
            "gain": 0.0,
            "targetPrice": 0.0
        },
        "CycleRepeat": {
            "eps": [
                0.0,
                0.0,
                0.0,
                0.0,
                0.0,
                0.0,
                0.0,
                0.0,
                0.0,
                0.0,
                0.0,
                0.0,
                0.0,
                0.0,
                0.0,
                0.0,
                0.0,
                0.0,
                0.0,
                0.0,
                0.0,
                0.0,
                0.0,
                0.0,
                0.0,
                0.0,
                0.0
            ],
            "gain": 0.0,
            "targetPrice": 0.0
        },
        "Stabilized": {
            "eps": [
                0.0,
                0.0,
                0.0,
                0.0,
                0.0,
                0.0,
                0.0,
                0.0,
                0.0,
                0.0,
                0.0,
                0.0,
                0.0,
                0.0,
                0.0,
                0.0,
                0.0,
                0.0,
                0.0,
                0.0,
                0.0,
                0.0,
                0.0,
                0.0,
                0.0,
                0.0,
                0.0,
                0.0
            ],
            "gain": 0.0,
            "targetPrice": 0.0
        }
    },
    "Symbol": "low"
}