{
    "AvgPE": 27.209152788029837,
    "Earnings": [
        0.3,
        0.83,
        0.71,
        1.02,
        0.9619,
        0.8963,
        0.34,
        0.45,
        0.6,
        0.68,
        0.47,
        0.71,
        1.06,
        -0.46,
        0.3795,
        0.5,
        0.22,
        0.4575,
        1.25,
        2.23,
        2.19,
        2.41,
        1.1658,
        1.96,
        2.51,
        2.38
    ],
    "Obs": "Price and EPS (and only these) were fetched with AlphaVantage\u00ae API",
    "P/E": [
        24.89166666666667,
        6.441807228915663,
        7.81549295774648,
        7.610882352941176,
        9.169872128079842,
        10.537096954144818,
        21.925,
        18.352,
        21.191000000000003,
        7.8482352941176465,
        15.2568085106383,
        15.492394366197182,
        6.808490566037735,
        -19.731521739130432,
        82.49064558629776,
        67.5682,
        135.29318181818184,
        85.51672131147541,
        30.611919999999998,
        10.086188340807174,
        17.622374429223747,
        15.802904564315352
    ],
    "Prices": [
        7.4675,
        5.3467,
        5.549,
        7.7631,
        8.8205,
        9.4444,
        7.4545,
        8.2584,
        12.7146,
        5.3368,
        7.1707,
        10.9996,
        7.217,
        9.0765,
        31.3052,
        33.7841,
        29.7645,
        39.1239,
        38.2649,
        22.4922,
        38.593,
        38.085
    ],
    "Scenarios": {
        "AverageGains": {
            "eps": [
                2.38,
                2.700683453206028,
                3.0645760984961496,
                3.4774999833190074,
                3.9460616233083536,
                4.477757702268987,
                5.081095014278865,
                5.765726566903604,
                6.542606023086959,
                7.424162952687834,
                8.424501697575312,
                9.559627031994848,
                10.847700228625857,
                12.309329627222311,
                13.967900354747067,
                15.849948472309249,
                17.98558553501418,
                20.408980357409447,
                23.158905692463254,
                26.27935857058588,
                29.820264223718194,
                33.838274856818245,
                38.397676046574205,
                43.57141526913799,
                49.44226901265942,
                56.10416714766826
            ],
            "gain": 9.63690017214767,
            "targetPrice": 367.021343056244
        },
        "CycleRepeat": {
            "eps": [
                2.38,
                6.584666666666666,
                5.632666666666666,
                8.092,
                7.631073333333333,
                7.110646666666667,
                2.697333333333334,
                3.5700000000000003,
                4.76,
                5.394666666666667,
                3.7286666666666664,
                5.632666666666665,
                8.40933333333333,
                -3.6493333333333324,
                3.0106999999999995,
                3.966666666666666,
                1.745333333333333,
                3.6294999999999993,
                9.916666666666664,
                17.69133333333333,
                17.373999999999995,
                19.11933333333333,
                9.248679999999998,
                15.549333333333333,
                19.912666666666663,
                18.88133333333333
            ],
            "gain": 3.510483721395536,
            "targetPrice": 133.696772529349
        },
        "Stabilized": {
            "eps": [
                2.38,
                2.45616,
                2.53475712,
                2.6158693478400004,
                2.6995771669708803,
                2.7859636363139484,
                2.8751144726759947,
                2.9671181358016265,
                3.0620659161472785,
                3.1600520254639917,
                3.2611736902788393,
                3.365531248367762,
                3.4732282483155306,
                3.5843715522616275,
                3.6990714419339996,
                3.8174417280758877,
                3.9395998633743163,
                4.065667059002295,
                4.1957684048903685,
                4.33003299384686,
                4.46859404964996,
                4.611589059238759,
                4.759159909134399,
                4.9114530262267,
                5.068619523065954,
                5.230815347804064,
                5.3982014389337944
            ],
            "gain": 1.1240751762576333,
            "targetPrice": 42.81040308777197
        }
    },
    "Symbol": "mei"
}