{
    "AvgPE": 32.82815448999392,
    "Earnings": [
        0.215,
        0.33,
        0.46,
        0.71,
        0.87,
        0.91,
        0.93,
        1.05,
        1.26,
        1.3,
        1.27,
        1.49,
        1.88,
        1.7,
        2.1,
        2.69,
        2.73,
        2.67,
        2.63,
        2.46,
        2.76,
        3.31,
        3.88,
        4.75,
        5.75,
        5.8
    ],
    "Obs": "Price and EPS (and only these) were fetched with AlphaVantage\u00ae API",
    "P/E": [
        172.82697674418606,
        41.837878787878786,
        45.83760869565217,
        23.175352112676055,
        20.201149425287355,
        21.036373626373628,
        20.389354838709675,
        20.918,
        21.062698412698413,
        11.352538461538462,
        18.650866141732283,
        14.858724832214767,
        11.243882978723406,
        13.160235294117646,
        15.371380952380951,
        15.305278810408922,
        18.503809523809522,
        21.770187265917603,
        31.10026615969582,
        40.1650406504065,
        56.40916666666667,
        67.04262839879154
    ],
    "Prices": [
        37.1578,
        13.8065,
        21.0853,
        16.4545,
        17.575,
        19.1431,
        18.9621,
        21.9639,
        26.539,
        14.7583,
        23.6866,
        22.1395,
        21.1385,
        22.3724,
        32.2799,
        41.1712,
        50.5154,
        58.1264,
        81.7937,
        98.806,
        155.6893,
        221.9111
    ],
    "Scenarios": {
        "AverageGains": {
            "eps": [
                5.8,
                6.683673528089023,
                7.701981350013443,
                8.875436010848311,
                10.227675295854294,
                11.785938384274381,
                13.581614548734999,
                15.650875453118768,
                18.035403785763485,
                20.783232905397234,
                23.949714413433142,
                27.598633143164694,
                31.803492025932798,
                36.6489927162961,
                42.23274180155788,
                48.66721696511916,
                56.08203270957448,
                64.62655127972512,
                74.47289137930804,
                85.81939528829834,
                98.89462422155302,
                113.96196241032852,
                131.32492265017055,
                151.333260188842,
                174.39001811096065,
                200.95964613986087
            ],
            "gain": 6.743806293054532,
            "targetPrice": 1496.5254726786536
        },
        "CycleRepeat": {
            "eps": [
                5.8,
                8.902325581395349,
                12.409302325581395,
                19.153488372093022,
                23.469767441860462,
                24.54883720930232,
                25.08837209302325,
                28.32558139534883,
                33.9906976744186,
                35.06976744186046,
                34.26046511627907,
                40.1953488372093,
                50.71627906976744,
                45.860465116279066,
                56.651162790697676,
                72.56744186046511,
                73.64651162790697,
                72.02790697674419,
                70.94883720930233,
                66.36279069767441,
                74.45581395348836,
                89.29302325581395,
                104.66976744186046,
                128.13953488372093,
                155.11627906976742,
                156.46511627906975
            ],
            "gain": 5.546444124345432,
            "targetPrice": 1230.8175167220315
        },
        "Stabilized": {
            "eps": [
                5.8,
                5.9856,
                6.1771392,
                6.3748076544000005,
                6.578801499340801,
                6.789323147319707,
                7.006581488033938,
                7.230792095651025,
                7.462177442711858,
                7.700967120878637,
                7.947398068746754,
                8.20171480694665,
                8.464169680768943,
                8.73502311055355,
                9.014543850091265,
                9.303009253294185,
                9.6007055493996,
                9.907928126980387,
                10.22498182704376,
                10.55218124550916,
                10.889851045365454,
                11.238326278817148,
                11.597952719739297,
                11.969087206770954,
                12.352097997387625,
                12.74736513330403,
                13.155280817569759
            ],
            "gain": 0.5279620074289404,
            "targetPrice": 117.16062982676434
        }
    },
    "Symbol": "msft"
}