{
    "AvgPE": 27.664125069534293,
    "Earnings": [
        0.09,
        0.16,
        0.3731,
        0.27,
        0.22,
        0.38,
        0.69,
        0.88,
        1.55,
        0.51,
        0.4,
        0.64,
        0.95,
        0.93,
        0.73,
        1.09,
        1.25,
        3.06,
        4.91,
        6.63,
        5.79,
        9.99,
        0.0
    ],
    "Obs": "Price and EPS (and only these) were fetched with AlphaVantage\u00ae API",
    "P/E": [
        39.952222222222225,
        31.3775,
        54.94076655052265,
        13.06185185185185,
        32.31181818181818,
        18.997105263157895,
        16.234927536231886,
        25.772727272727273,
        20.17522580645161,
        14.545098039215686,
        42.927249999999994,
        22.118593750000002,
        13.410842105263159,
        12.196881720430106,
        20.746301369863016,
        17.70174311926605,
        25.79304,
        34.447712418300654,
        39.06847250509165,
        20.01713423831071,
        40.55796200345423,
        52.25557557557557
    ],
    "Prices": [
        3.5957,
        5.0204,
        20.4984,
        3.5267,
        7.1086,
        7.2189,
        11.2021,
        22.68,
        31.2716,
        7.418,
        17.1709,
        14.1559,
        12.7403,
        11.3431,
        15.1448,
        19.2949,
        32.2413,
        105.41,
        191.8262,
        132.7136,
        234.8306,
        522.0332
    ],
    "Scenarios": {
        "AverageGains": {
            "eps": [
                0.0,
                0.0,
                0.0,
                0.0,
                0.0,
                0.0,
                0.0,
                0.0,
                0.0,
                0.0,
                0.0,
                0.0,
                0.0,
                0.0,
                0.0,
                0.0,
                0.0,
                0.0,
                0.0,
                0.0,
                0.0,
                0.0,
                0.0
            ],
            "gain": 0.0,
            "targetPrice": 0.0
        },
        "CycleRepeat": {
            "eps": [
                0.0,
                0.0,
                0.0,
                0.0,
                0.0,
                0.0,
                0.0,
                0.0,
                0.0,
                0.0,
                0.0,
                0.0,
                0.0,
                0.0,
                0.0,
                0.0,
                0.0,
                0.0,
                0.0,
                0.0,
                0.0,
                0.0,
                0.0
            ],
            "gain": 0.0,
            "targetPrice": 0.0
        },
        "Stabilized": {
            "eps": [
                0.0,
                0.0,
                0.0,
                0.0,
                0.0,
                0.0,
                0.0,
                0.0,
                0.0,
                0.0,
                0.0,
                0.0,
                0.0,
                0.0,
                0.0,
                0.0,
                0.0,
                0.0,
                0.0,
                0.0,
                0.0,
                0.0,
                0.0,
                0.0
            ],
            "gain": 0.0,
            "targetPrice": 0.0
        }
    },
    "Symbol": "nvda"
}