{
    "AvgPE": 8.624522908672683,
    "Earnings": [
        0.8926,
        2.18,
        1.95,
        2.17,
        1.72,
        1.7,
        2.36,
        0.59
    ],
    "Obs": "Price and EPS (and only these) were fetched with AlphaVantage\u00ae API",
    "P/E": [
        17.08155948913287,
        6.369816513761467,
        7.432256410256411,
        6.169400921658987,
        9.213779069767442,
        10.307941176470587,
        3.796906779661017
    ],
    "Prices": [
        15.247,
        13.8862,
        14.4929,
        13.3876,
        15.8477,
        17.5235,
        8.9607
    ],
    "Scenarios": {
        "AverageGains": {
            "eps": [
                0.59,
                0.6632319314759105,
                0.745553550727571,
                0.8380930872335088,
                0.9421188084787947,
                1.0590564017409736,
                1.1905085133365998,
                1.3382767131165219
            ],
            "gain": 1.2560517391290613,
            "targetPrice": 11.255102818813778
        },
        "CycleRepeat": {
            "eps": [
                0.59,
                1.440958996190903,
                1.2889312121891103,
                1.434349092538651,
                1.1369034281873178,
                1.1236836208828143,
                1.5599372619314362,
                0.38998431548285906
            ],
            "gain": 0.8189201431048082,
            "targetPrice": 7.338097726319254
        },
        "Stabilized": {
            "eps": [
                0.59,
                0.60888,
                0.62836416,
                0.64847181312,
                0.66922291113984,
                0.6906380442963149,
                0.7127384617137971,
                0.7355460924886386,
                0.759083567448275
            ],
            "gain": 0.7837777547241989,
            "targetPrice": 7.023197326757128
        }
    },
    "Symbol": "pbfx"
}