{
    "AvgPE": 39.695855824201026,
    "Earnings": [
        0.2,
        0.22,
        0.29,
        0.47,
        0.59,
        0.29,
        0.29,
        0.36,
        0.4,
        0.56,
        0.8,
        0.98,
        1.06,
        0.68,
        0.47,
        0.72,
        0.67,
        0.78,
        0.95,
        1.01,
        1.29,
        1.64,
        2.45,
        2.67,
        2.41,
        0.84
    ],
    "Obs": "Price and EPS (and only these) were fetched with AlphaVantage\u00ae API",
    "P/E": [
        97.9475,
        99.22727272727272,
        41.1348275862069,
        17.88021276595745,
        15.61915254237288,
        32.34,
        39.95862068965517,
        42.770833333333336,
        53.918499999999995,
        24.646071428571425,
        20.369125,
        15.337448979591837,
        9.48377358490566,
        19.20470588235294,
        50.92829787234043,
        38.953611111111115,
        46.11179104477612,
        47.93294871794872,
        51.618736842105264,
        39.60554455445545,
        36.08217054263566,
        32.23768292682927
    ],
    "Prices": [
        19.5895,
        21.83,
        11.9291,
        8.4037,
        9.2153,
        9.3786,
        11.588,
        15.3975,
        21.5674,
        13.8018,
        16.2953,
        15.0307,
        10.0528,
        13.0592,
        23.9363,
        28.0466,
        30.8949,
        37.3877,
        49.0378,
        40.0016,
        46.546,
        52.8698
    ],
    "Scenarios": {
        "AverageGains": {
            "eps": [
                0.84,
                0.9373481366022212,
                1.045978010942448,
                1.167197070814049,
                1.3024642849703807,
                1.4534077029856318,
                1.6218440501391627,
                1.8098005931635042,
                2.0195395400278633,
                2.2535852674281247,
                2.5147547036880606,
                2.8061912327543745,
                3.1314025273473844,
                3.4943027666197106,
                3.899259746446395,
                4.351147449356641,
                4.8554047068285175,
                5.418100659994482,
                6.046007806629873,
                6.746683513603564,
                7.528560975858604,
                8.401050716687218,
                9.374653850937522,
                10.461088474365623,
                11.673430700330464,
                13.026272041321336
            ],
            "gain": 2.225741605901361,
            "targetPrice": 117.67451355568376
        },
        "CycleRepeat": {
            "eps": [
                0.84,
                0.9239999999999999,
                1.218,
                1.974,
                2.478,
                1.2180000000000002,
                1.2180000000000002,
                1.5120000000000002,
                1.6800000000000004,
                2.3520000000000008,
                3.3600000000000008,
                4.1160000000000005,
                4.452000000000001,
                2.8560000000000003,
                1.9740000000000002,
                3.0240000000000005,
                2.8140000000000005,
                3.2760000000000007,
                3.9900000000000007,
                4.242000000000001,
                5.418000000000002,
                6.888000000000003,
                10.290000000000006,
                11.214000000000006,
                10.122000000000007,
                3.5280000000000022
            ],
            "gain": 0.8304462816049846,
            "targetPrice": 43.90552881919921
        },
        "Stabilized": {
            "eps": [
                0.84,
                0.86688,
                0.89462016,
                0.92324800512,
                0.95279194128384,
                0.9832812834049229,
                1.0147462844738806,
                1.0472181655770447,
                1.0807291468755102,
                1.1153124795755267,
                1.1510024789219435,
                1.1878345582474457,
                1.225845264111364,
                1.2650723125629277,
                1.3055546265649414,
                1.3473323746150194,
                1.3904470106027,
                1.4349413149419865,
                1.4808594370201302,
                1.5282469390047744,
                1.5771508410529271,
                1.6276196679666208,
                1.6797034973415528,
                1.7334540092564825,
                1.78892453755269,
                1.8461701227543763,
                1.9052475666825164
            ],
            "gain": 0.3639061892342699,
            "targetPrice": 19.239647443578
        }
    },
    "Symbol": "schw"
}