{
    "AvgPE": 8.76882011641475,
    "Earnings": [
        1.34,
        1.5,
        1.58,
        1.8,
        1.91,
        1.68,
        2.04,
        2.26,
        2.71,
        3.27,
        4.18,
        4.7,
        4.31,
        3.89,
        4.43,
        4.84,
        6.48,
        7.6,
        8.92,
        11.17,
        12.44,
        14.7,
        18.52,
        21.09,
        24.56,
        2.06
    ],
    "Obs": "Price and EPS (and only these) were fetched with AlphaVantage\u00ae API",
    "P/E": [
        3.659402985074627,
        4.221533333333333,
        4.2936075949367085,
        3.953555555555555,
        4.680785340314137,
        6.95547619047619,
        5.9383333333333335,
        7.650840707964603,
        5.935645756457564,
        5.1934862385321106,
        4.302751196172249,
        5.304978723404255,
        6.277610208816706,
        12.136426735218508,
        12.859255079006774,
        17.04853305785124,
        12.688842592592591,
        11.336815789473686,
        14.886760089686097,
        11.503616830796776,
        15.461479099678458,
        16.62430612244898
    ],
    "Prices": [
        4.9036,
        6.3323,
        6.7839,
        7.1164,
        8.9403,
        11.6852,
        12.1142,
        17.2909,
        16.0856,
        16.9827,
        17.9855,
        24.9334,
        27.0565,
        47.2107,
        56.9665,
        82.5149,
        82.2237,
        86.1598,
        132.7899,
        128.4954,
        192.3408,
        244.3773
    ],
    "Scenarios": {
        "AverageGains": {
            "eps": [
                2.06,
                2.250690613171313,
                2.459033124377408,
                2.6866615390842514,
                2.9353611197986975,
                3.207082387669399,
                3.503956420191533,
                3.8283115649934176,
                4.182691700789254,
                4.56987618871647,
                4.992901670533619,
                5.455085884639506,
                5.96005368669974,
                6.51176547895737,
                7.114548271195316,
                7.773129616958005,
                8.492674691189954,
                9.2788268000868,
                10.137751640872706,
                11.076185658628289,
                12.101488879425926,
                13.221702634136388,
                14.445612625627763,
                15.78281783398515,
                17.243805800166587,
                18.840034878535914
            ],
            "gain": 0.27690706035275287,
            "targetPrice": 67.66979975994279
        },
        "CycleRepeat": {
            "eps": [
                2.06,
                2.305970149253731,
                2.4289552238805965,
                2.7671641791044768,
                2.936268656716417,
                2.582686567164178,
                3.1361194029850736,
                3.474328358208954,
                4.166119402985073,
                5.027014925373132,
                6.425970149253729,
                7.225373134328356,
                6.625820895522385,
                5.980149253731342,
                6.810298507462684,
                7.4405970149253715,
                9.961791044776119,
                11.683582089552237,
                13.71283582089552,
                17.171791044776118,
                19.12417910447761,
                22.598507462686563,
                28.471044776119395,
                32.42194029850746,
                37.75641791044775,
                3.1668656716417902
            ],
            "gain": 0.22378288914176395,
            "targetPrice": 54.68745823466359
        },
        "Stabilized": {
            "eps": [
                2.06,
                2.1259200000000003,
                2.1939494400000004,
                2.2641558220800007,
                2.336608808386561,
                2.4113802902549306,
                2.4885444595430886,
                2.5681778822484675,
                2.6503595744804187,
                2.7351710808637923,
                2.822696555451434,
                2.9130228452258797,
                3.006239576273108,
                3.102439242713847,
                3.2017172984806903,
                3.3041722520320724,
                3.4099057640970987,
                3.5190227485482057,
                3.6316314765017483,
                3.7478436837498044,
                3.867774681629798,
                3.9915434714419518,
                4.119272862528095,
                4.251089594128994,
                4.387124461141123,
                4.527512443897638,
                4.672392842102363
            ],
            "gain": 0.09041979825472508,
            "targetPrice": 22.09654616403443
        }
    },
    "Symbol": "shw"
}