{
    "AvgPE": 10.70643020002073,
    "Earnings": [
        0.74,
        0.91,
        0.91,
        1.16,
        1.58,
        1.66,
        0.34,
        1.51,
        1.8,
        1.71,
        2.05,
        2.63,
        2.46,
        2.52,
        2.89,
        3.42,
        3.72,
        3.73,
        4.28,
        4.6,
        3.6918,
        4.2501,
        4.9797,
        5.0441,
        4.0537,
        1.4512
    ],
    "Obs": "Price and EPS (and only these) were fetched with AlphaVantage\u00ae API",
    "P/E": [
        7.428513513513513,
        6.700659340659341,
        6.247802197802198,
        4.332241379310346,
        5.127025316455696,
        6.374518072289157,
        41.071176470588235,
        10.828145695364238,
        10.957611111111111,
        6.140877192982456,
        9.46726829268293,
        9.060570342205324,
        10.08150406504065,
        11.601984126984126,
        11.74910034602076,
        10.45654970760234,
        8.259086021505377,
        10.929490616621985,
        11.832827102803737,
        9.695934782608697,
        14.187496614117775,
        13.011082092186067
    ],
    "Prices": [
        5.4971,
        6.0976,
        5.6855,
        5.0254,
        8.1007,
        10.5817,
        13.9642,
        16.3505,
        19.7237,
        10.5009,
        19.4079,
        23.8293,
        24.8005,
        29.237,
        33.9549,
        35.7614,
        30.7238,
        40.767,
        50.6445,
        44.6013,
        52.3774,
        55.2984
    ],
    "Scenarios": {
        "AverageGains": {
            "eps": [
                1.4512,
                1.6885927905946032,
                1.9648191927012604,
                2.2862317555245704,
                2.660222202320309,
                3.0953914224212866,
                3.601747271202424,
                4.190934726913036,
                4.876503697435167,
                5.674220635885439,
                6.602431131476899,
                7.682481814366909,
                8.939211277297483,
                10.4015213040563,
                12.10304154165218,
                14.08290290208163,
                16.386637480084655,
                19.06722568285437,
                22.186314653189186,
                25.81563600691749,
                30.038655489178144,
                34.952492487721344,
                40.67015354746299,
                47.32313125180645,
                55.064428238811004,
                64.07207589737467
            ],
            "gain": 3.7948036841969337,
            "targetPrice": 209.84657205019573
        },
        "CycleRepeat": {
            "eps": [
                1.4512,
                1.7845837837837837,
                1.7845837837837837,
                2.2748540540540536,
                3.098508108108108,
                3.2553945945945943,
                0.6667675675675676,
                2.961232432432433,
                3.5299459459459466,
                3.3534486486486488,
                4.020216216216216,
                5.1576432432432435,
                4.824259459459459,
                4.941924324324325,
                5.667524324324325,
                6.7068972972972976,
                7.295221621621622,
                7.314832432432432,
                8.393427027027027,
                9.02097297297297,
                7.239919135135134,
                8.3347907027027,
                9.765595459459457,
                9.891889081081077,
                7.9496343783783745,
                2.8459208648648633
            ],
            "gain": 0.549361984556712,
            "targetPrice": 30.378838766810887
        },
        "Stabilized": {
            "eps": [
                1.4512,
                1.4976384,
                1.5455628288,
                1.5950208393216,
                1.6460615061798913,
                1.698735474377648,
                1.7530950095577327,
                1.8091940498635801,
                1.8670882594592146,
                1.9268350837619095,
                1.9884938064422906,
                2.052125608248444,
                2.117793627712394,
                2.1855630237991908,
                2.2555010405607647,
                2.3276770738587094,
                2.402162740222188,
                2.479031947909298,
                2.5583609702423957,
                2.6402285212901524,
                2.7247158339714375,
                2.8119067406585234,
                2.901887756359596,
                2.994748164563103,
                3.0905801058291225,
                3.1894786692156543,
                3.291541986630555
            ],
            "gain": 0.3015180709955304,
            "targetPrice": 16.67346689713924
        }
    },
    "Symbol": "td"
}