{
    "AvgPE": 40.84802916395973,
    "Earnings": [
        0.25,
        0.51,
        0.45,
        0.91,
        1.23,
        0.12,
        0.22,
        0.48,
        1.06,
        1.4,
        1.7,
        1.83,
        1.57,
        1.15,
        2.49,
        2.1,
        1.64,
        1.92,
        2.56,
        2.8433,
        3.4756,
        4.4819,
        5.7204,
        5.2673,
        6.2228,
        1.9203
    ],
    "Obs": "Price and EPS (and only these) were fetched with AlphaVantage\u00ae API",
    "P/E": [
        135.8656,
        65.40980392156862,
        43.916666666666664,
        11.685274725274724,
        16.995121951219513,
        146.49416666666667,
        104.5009090909091,
        43.19354166666667,
        22.887169811320753,
        8.189000000000002,
        11.589,
        13.682459016393443,
        14.53,
        21.40417391304348,
        14.459799196787147,
        21.448095238095235,
        28.887195121951223,
        33.735,
        37.1351953125,
        31.029718988499276,
        35.42668891702152,
        36.19206140253018
    ],
    "Prices": [
        33.9664,
        33.359,
        19.7625,
        10.6336,
        20.904,
        17.5793,
        22.9902,
        20.7329,
        24.2604,
        11.4646,
        19.7013,
        25.0389,
        22.8121,
        24.6148,
        36.0049,
        45.041,
        47.375,
        64.7712,
        95.0661,
        88.2268,
        123.129,
        162.2092
    ],
    "Scenarios": {
        "AverageGains": {
            "eps": [
                1.9203,
                2.413624659953237,
                3.0336843197075347,
                3.8130371736497244,
                4.792605609352377,
                6.023824967017188,
                7.571344314760548,
                9.516421052493257,
                11.961187588812095,
                15.034014126273744,
                18.896249145060473,
                23.750691515460204,
                29.852239094233646,
                37.52127294311431,
                47.16047995018324,
                59.27599717908268,
                74.5039881970278,
                93.64404685580962,
                117.7011824970049,
                147.93859114743913,
                185.94398362349565,
                233.71295331125864,
                293.7537611115729,
                369.2190396151146,
                464.0713320519147,
                583.2911581616665
            ],
            "gain": 30.458965415236452,
            "targetPrice": 4940.724412833173
        },
        "CycleRepeat": {
            "eps": [
                1.9203,
                3.9174119999999997,
                3.45654,
                6.989892,
                9.447876,
                0.9217440000000001,
                1.6898640000000003,
                3.6869760000000005,
                8.142072,
                10.75368,
                13.05804,
                14.056596,
                12.059484000000001,
                8.83338,
                19.126188000000003,
                16.13052,
                12.597168,
                14.747904,
                19.663872,
                21.83995596,
                26.69677872,
                34.42637028,
                43.939536479999994,
                40.45918475999999,
                47.79857136,
                14.750208359999997
            ],
            "gain": 1.1575181420578078,
            "targetPrice": 187.76009180868337
        },
        "Stabilized": {
            "eps": [
                1.9203,
                1.9817496,
                2.0451655872,
                2.1106108859904,
                2.178150434342093,
                2.24785124824104,
                2.3197824881847535,
                2.3940155278066655,
                2.470624024696479,
                2.5496839934867666,
                2.631273881278343,
                2.71547464547925,
                2.802369834134586,
                2.892045668826893,
                2.9845911302293535,
                3.0800980463966927,
                3.178661183881387,
                3.2803783417655916,
                3.3853504487020905,
                3.4936816630605576,
                3.6054794762784956,
                3.7208548195194076,
                3.8399221737440286,
                3.9627996833038375,
                4.08960927316956,
                4.220476769910986,
                4.355532026548138
            ],
            "gain": 0.2765219975922836,
            "targetPrice": 44.85441201184625
        }
    },
    "Symbol": "txn"
}