{
    "AvgPE": 29.42951248203742,
    "Earnings": [
        0.25,
        0.28,
        0.32,
        0.4,
        0.53,
        0.7,
        1.06,
        1.49,
        1.98,
        2.48,
        2.98,
        3.48,
        2.96,
        3.24,
        4.21,
        4.72,
        5.28,
        5.5,
        5.7,
        6.15,
        8.05,
        10.08,
        12.87,
        15.11,
        16.87,
        5.31
    ],
    "Obs": "Price and EPS (and only these) were fetched with AlphaVantage\u00ae API",
    "P/E": [
        22.2732,
        45.981785714285714,
        46.4134375,
        43.82724999999999,
        46.10905660377358,
        52.84757142857143,
        49.28603773584906,
        30.33342281879195,
        24.73969696969697,
        9.043266129032258,
        8.636040268456375,
        8.866293103448276,
        14.821486486486487,
        14.703518518518518,
        15.95895486935867,
        19.42417372881356,
        20.534337121212122,
        27.283818181818184,
        36.81082456140351,
        39.07144715447154,
        35.815689440993786,
        34.66796626984127
    ],
    "Prices": [
        5.5683,
        12.8749,
        14.8523,
        17.5309,
        24.4378,
        36.9933,
        52.2432,
        45.1968,
        48.9846,
        22.4273,
        25.7354,
        30.8547,
        43.8716,
        47.6394,
        67.1872,
        91.6821,
        108.4213,
        150.061,
        209.8217,
        240.2894,
        288.3163,
        349.4531
    ],
    "Scenarios": {
        "AverageGains": {
            "eps": [
                5.31,
                6.183780525102573,
                7.201344930816921,
                8.386353396936311,
                9.766359475066396,
                11.373450757639656,
                13.244994971432243,
                15.424508843582716,
                17.96266994279081,
                20.91849502280135,
                24.36071226675218,
                28.369359339504612,
                33.03764440551138,
                38.474113384193075,
                44.80517383535996,
                52.17803415949798,
                60.76412645454622,
                70.76309261666535,
                82.40742636891993,
                95.9678791532865,
                111.75975558257821,
                130.15024483272518,
                151.56695844330278,
                176.5078730453346,
                205.5529092024515,
                239.37741559402957
            ],
            "gain": 4.615125961121392,
            "targetPrice": 1612.77007400435
        },
        "CycleRepeat": {
            "eps": [
                5.31,
                5.9472000000000005,
                6.7968,
                8.496,
                11.2572,
                14.867999999999999,
                22.5144,
                31.647599999999997,
                42.05519999999999,
                52.67519999999999,
                63.29519999999999,
                73.91519999999998,
                62.87039999999999,
                68.8176,
                89.42039999999999,
                100.25279999999998,
                112.14719999999998,
                116.81999999999998,
                121.06799999999998,
                130.62599999999998,
                170.98199999999997,
                214.09919999999994,
                273.3587999999999,
                320.9363999999999,
                358.3187999999999,
                112.78439999999995
            ],
            "gain": 3.132984224072074,
            "targetPrice": 1094.831049353081
        },
        "Stabilized": {
            "eps": [
                5.31,
                5.47992,
                5.65527744,
                5.83624631808,
                6.02300620025856,
                6.215742398666833,
                6.4146461554241725,
                6.619914832397746,
                6.8317521070344736,
                7.050368174459577,
                7.275979956042284,
                7.508811314635637,
                7.749093276703978,
                7.9970642615585055,
                8.252970317928378,
                8.517065368102086,
                8.789611459881353,
                9.070879026597558,
                9.36114715544868,
                9.660703864423038,
                9.969846388084575,
                10.288881472503281,
                10.618125679623386,
                10.957905701371335,
                11.308558683815217,
                11.670432561697305,
                12.04388640367162
            ],
            "gain": 0.28660914205081006,
            "targetPrice": 100.15645317799594
        }
    },
    "Symbol": "unh"
}