{
    "AvgPE": 13.582373622709007,
    "Earnings": [
        0.61,
        0.73,
        0.9,
        1.2,
        1.52,
        1.33,
        1.84,
        1.99,
        2.18,
        2.41,
        2.61,
        2.48,
        1.62,
        0.96,
        1.73,
        2.4,
        2.89,
        3.01,
        3.08,
        3.16,
        3.24,
        3.43,
        4.11,
        4.32,
        3.07,
        1.45
    ],
    "Obs": "Price and EPS (and only these) were fetched with AlphaVantage\u00ae API",
    "P/E": [
        15.380491803278687,
        16.787808219178082,
        12.781444444444443,
        10.084416666666668,
        11.571907894736842,
        14.612481203007517,
        10.513586956521738,
        12.276834170854272,
        10.322522935779816,
        7.788547717842323,
        6.5407662835249045,
        8.315604838709676,
        13.02148148148148,
        26.57875,
        19.1106936416185,
        15.672541666666667,
        12.649411764705883,
        14.98717607973422,
        15.615064935064934,
        13.338227848101265,
        17.380709876543207,
        13.481749271137026
    ],
    "Prices": [
        9.3821,
        12.2551,
        11.5033,
        12.1013,
        17.5893,
        19.4346,
        19.345,
        24.4309,
        22.5031,
        18.7704,
        17.0714,
        20.6227,
        21.0948,
        25.5156,
        33.0615,
        37.6141,
        36.5568,
        45.1114,
        48.0944,
        42.1488,
        56.3135,
        46.2424
    ],
    "Scenarios": {
        "AverageGains": {
            "eps": [
                1.45,
                1.5573062857973063,
                1.6725537019198633,
                1.7963299264367982,
                1.9292661281419579,
                2.072040185056071,
                2.225380141112023,
                2.3900679186498275,
                2.5669433056523183,
                2.7569082380535668,
                2.960931398956687,
                3.1800531582136973,
                3.4153908775557014,
                3.668144608325705,
                3.9396032108683583,
                4.2311509267810665,
                4.544274437540175,
                4.880570445496093,
                5.241753815894914,
                5.629666321444943,
                6.046286034019041,
                6.493737411383669,
                6.974302130389598,
                7.4904307218657005,
                8.044755066545319,
                8.640101815745348
            ],
            "gain": 0.8938891021027237,
            "targetPrice": 41.335577415074994
        },
        "CycleRepeat": {
            "eps": [
                1.45,
                1.7352459016393442,
                2.139344262295082,
                2.8524590163934427,
                3.613114754098361,
                3.161475409836066,
                4.373770491803279,
                4.730327868852459,
                5.1819672131147545,
                5.728688524590164,
                6.204098360655737,
                5.895081967213114,
                3.850819672131148,
                2.281967213114754,
                4.112295081967213,
                5.704918032786885,
                6.869672131147541,
                7.154918032786885,
                7.321311475409836,
                7.511475409836065,
                7.701639344262295,
                8.15327868852459,
                9.76967213114754,
                10.268852459016392,
                7.297540983606555,
                3.4467213114754087
            ],
            "gain": 0.7423683871285345,
            "targetPrice": 34.328895904952546
        },
        "Stabilized": {
            "eps": [
                1.45,
                1.4964,
                1.5442848,
                1.5937019136000001,
                1.6447003748352003,
                1.6973307868299268,
                1.7516453720084846,
                1.8076980239127562,
                1.8655443606779645,
                1.9252417802196593,
                1.9868495171866885,
                2.0504287017366627,
                2.116042420192236,
                2.1837557776383876,
                2.253635962522816,
                2.3257523133235463,
                2.4001763873499,
                2.476982031745097,
                2.55624545676094,
                2.63804531137729,
                2.7224627613413634,
                2.809581569704287,
                2.899488179934824,
                2.9922718016927385,
                3.0880244993469064,
                3.1868412833260074,
                3.2888202043924397
            ],
            "gain": 0.39577768012389686,
            "targetPrice": 18.30170979536129
        }
    },
    "Symbol": "usb"
}