{
    "AvgPE": -714285686.9426826,
    "Earnings": [
        0.64,
        1.08,
        1.07,
        1.67,
        2.36,
        2.93,
        3.44,
        3.62,
        4.07,
        8.74,
        6.34,
        6.46,
        7.2,
        0.0
    ],
    "Obs": "Price and EPS (and only these) were fetched with AlphaVantage\u00ae API",
    "P/E": [
        111.09296875000001,
        20.632777777777775,
        31.402616822429906,
        42.54449101796408,
        28.489406779661017,
        27.617610921501704,
        19.671511627906977,
        21.683370165745853,
        16.192874692874692,
        7.019988558352403,
        14.405930599369086,
        20.207229102167183,
        20.841666666666665,
        -9999999999
    ],
    "Prices": [
        71.0995,
        22.2834,
        33.6008,
        71.0493,
        67.235,
        80.9196,
        67.67,
        78.4938,
        65.905,
        61.3547,
        91.3336,
        130.5387,
        150.06,
        143.67
    ],
    "Scenarios": {
        "AverageGains": {
            "eps": [
                0.0,
                0.0,
                0.0,
                0.0,
                0.0,
                0.0,
                0.0,
                0.0,
                0.0,
                0.0,
                0.0,
                0.0,
                0.0,
                0.0
            ],
            "gain": 0.0,
            "targetPrice": 0.0
        },
        "CycleRepeat": {
            "eps": [
                0.0,
                0.0,
                0.0,
                0.0,
                0.0,
                0.0,
                0.0,
                0.0,
                0.0,
                0.0,
                0.0,
                0.0,
                0.0,
                0.0
            ],
            "gain": 0.0,
            "targetPrice": 0.0
        },
        "Stabilized": {
            "eps": [
                0.0,
                0.0,
                0.0,
                0.0,
                0.0,
                0.0,
                0.0,
                0.0,
                0.0,
                0.0,
                0.0,
                0.0,
                0.0,
                0.0,
                0.0
            ],
            "gain": 0.0,
            "targetPrice": 0.0
        }
    },
    "Symbol": "vmw"
}