{
    "AvgPE": 10.102114652489695,
    "Earnings": [
        2.14,
        2.43,
        2.72,
        2.99,
        3.11,
        3.01,
        3.05,
        2.62,
        2.51,
        2.56,
        2.54,
        2.37,
        2.55,
        2.4,
        2.24,
        2.16,
        2.32,
        2.84,
        3.42,
        3.99,
        3.8688,
        3.75,
        4.71,
        4.81,
        4.9,
        1.31
    ],
    "Obs": "Price and EPS (and only these) were fetched with AlphaVantage\u00ae API",
    "P/E": [
        9.841214953271027,
        7.2489711934156364,
        6.312058823529411,
        4.870468227424749,
        4.420385852090033,
        5.492259136212625,
        4.217803278688525,
        6.607786259541984,
        8.428207171314742,
        6.7733984375,
        7.089055118110236,
        9.336835443037973,
        10.259411764705883,
        12.337416666666668,
        15.682455357142857,
        16.17189814814815,
        15.600172413793103,
        15.383908450704226,
        13.287923976608187,
        12.671152882205512,
        14.880298800661704,
        15.33344
    ],
    "Prices": [
        21.0602,
        17.615,
        17.1688,
        14.5627,
        13.7474,
        16.5317,
        12.8643,
        17.3124,
        21.1548,
        17.3399,
        18.0062,
        22.1283,
        26.1615,
        29.6098,
        35.1287,
        34.9313,
        36.1924,
        43.6903,
        45.4447,
        50.5579,
        57.5689,
        57.5004
    ],
    "Scenarios": {
        "AverageGains": {
            "eps": [
                1.31,
                1.3217194833347872,
                1.3335438111654785,
                1.3454739214488085,
                1.357510760532633,
                1.3696552832309967,
                1.3819084528998737,
                1.394271241513585,
                1.406744629741899,
                1.4193296070278238,
                1.432027171666093,
                1.4448383308823551,
                1.4577641009130708,
                1.4708055070861257,
                1.4839635839021632,
                1.497239375116646,
                1.510633933822651,
                1.5241483225344057,
                1.5377836132715703,
                1.5515408876442764,
                1.5654212369389238,
                1.5794257622047463,
                1.5935555743411525,
                1.6078117941858459,
                1.6221955526037355,
                1.6367079905766404
            ],
            "gain": 0.17618299661523862,
            "targetPrice": 10.130592778574867
        },
        "CycleRepeat": {
            "eps": [
                1.31,
                1.4875233644859815,
                1.6650467289719628,
                1.8303271028037384,
                1.9037850467289719,
                1.8425700934579439,
                1.8670560747663552,
                1.6038317757009348,
                1.536495327102804,
                1.5671028037383181,
                1.5548598130841125,
                1.4507943925233648,
                1.5609813084112152,
                1.4691588785046732,
                1.3712149532710285,
                1.322242990654206,
                1.4201869158878506,
                1.7385046728971965,
                2.093551401869159,
                2.4424766355140193,
                2.3682841121495333,
                2.295560747663552,
                2.883224299065421,
                2.944439252336449,
                2.999532710280375,
                0.8019158878504675
            ],
            "gain": 0.17857165883877962,
            "targetPrice": 10.267941811893364
        },
        "Stabilized": {
            "eps": [
                1.31,
                1.35192,
                1.39518144,
                1.4398272460800001,
                1.4859017179545602,
                1.5334505729291061,
                1.5825209912628375,
                1.6331616629832484,
                1.6854228361987125,
                1.7393563669570713,
                1.7950157706996976,
                1.8524562753620881,
                1.911734876173675,
                1.9729103922112325,
                2.036043524761992,
                2.101196917554376,
                2.168435218916116,
                2.237825145921432,
                2.309435550590918,
                2.3833374882098273,
                2.459604287832542,
                2.538311625043183,
                2.619537597044565,
                2.7033628001499914,
                2.789870409754791,
                2.8791462628669446,
                2.971278943278687
            ],
            "gain": 0.25633624273842115,
            "targetPrice": 14.739436491956312
        }
    },
    "Symbol": "vz"
}